satellite_id,days_to_decay,semi_major_axis_km,bstar
SAT-1,100,6776.527245114724,0.0003526345435380017
SAT-1,99,6774.322636332664,1.2011816665605357e-06
SAT-1,98,6778.855991808241,0.0002015155436869784
SAT-1,97,6773.734013804636,0.0001565407753735896
SAT-1,96,6773.748455537441,4.511655925765473e-05
SAT-1,95,6775.510429448388,0.00033462497667516295
SAT-1,94,6770.59054518819,6.44227127917979e-05
SAT-1,93,6772.366341968636,0.00011089148437545143
SAT-1,92,6772.62157958067,0.00023440595361066166
SAT-1,91,6778.545901691777,2.9205513590895143e-06
SAT-1,90,6775.036844281192,0.00023684106498629475
SAT-1,89,6773.488502958159,7.034193099836986e-05
SAT-1,88,6771.947595825917,0.00012336724152553106
SAT-1,87,6773.292183044675,1.0013143302258711e-05
SAT-1,86,6773.250093238898,0.0004189144683581842
SAT-1,85,6774.6717807076275,0.00016290611353478342
SAT-1,84,6776.702242049731,0.00019530129693780783
SAT-1,83,6775.096098756984,0.0003427695669195585
SAT-1,82,6771.167654647226,8.891247383022136e-05
SAT-1,81,6776.23290621946,8.428310769439075e-05
SAT-1,80,6773.978903063502,9.63216686146111e-06
SAT-1,79,6770.433794793554,9.267298862254507e-05
SAT-1,78,6772.819402842073,0.0002635759231001798
SAT-1,77,6774.647705493394,0.0002994303844161501
SAT-1,76,6774.391129692959,2.261778462686667e-05
SAT-1,75,6771.653218768708,0.00017817633002457022
SAT-1,74,6775.657618575713,0.00024378969687963636
SAT-1,73,6770.684215961415,2.3347773138462734e-06
SAT-1,72,6773.2775583479815,0.0002569058920808685
SAT-1,71,6770.880964174859,2.7305696123633208e-05
SAT-1,70,6768.902186334458,0.00017177275255973753
SAT-1,69,6773.2452543254585,0.0003421798987705612
SAT-1,68,6770.533694465522,0.0002755786974348015
SAT-1,67,6771.068429832091,4.9687064264628206e-05
SAT-1,66,6770.466168783243,0.0003919842247495905
SAT-1,65,6768.815958671698,0.00040297480341919793
SAT-1,64,6761.640197009248,0.00026078201393144143
SAT-1,63,6767.628997440068,4.370226776322315e-05
SAT-1,62,6766.796881710811,0.0002860970762637819
SAT-1,61,6765.105080049879,0.00019163044575874595
SAT-1,60,6768.362758881327,2.62945286016672e-05
SAT-1,59,6761.583745762239,4.036212433948931e-05
SAT-1,58,6764.749745063728,0.0002183317797883335
SAT-1,57,6759.908419260055,0.0002682888132790679
SAT-1,56,6760.158333642842,0.00037369054956297454
SAT-1,55,6756.750391034779,0.000130118642936843
SAT-1,54,6756.017929386642,7.990403657002701e-05
SAT-1,53,6756.1296004621345,0.00028371563229237447
SAT-1,52,6753.687143411078,0.00020495431998136723
SAT-1,51,6748.310392914346,0.00018987970690332478
SAT-1,50,6749.051237478156,0.00013757311841207286
SAT-1,49,6747.444005490308,0.0004048589444193044
SAT-1,48,6750.377024522499,0.0003871073604227645
SAT-1,47,6743.98997574628,0.0003676957835031633
SAT-1,46,6736.098871731225,0.0004100578163665534
SAT-1,45,6738.456099294325,0.000943304494753454
SAT-1,44,6735.08913735752,0.0005489234615231193
SAT-1,43,6732.59724034521,0.00029564661033249005
SAT-1,42,6732.49909680576,0.0007235005931937512
SAT-1,41,6728.4161596370795,0.0004380905204974487
SAT-1,40,6726.575009546813,0.00038973835969794037
SAT-1,39,6720.991802503973,0.0011617967382183923
SAT-1,38,6713.326338956646,0.0006676752919358422
SAT-1,37,6712.145308182192,0.0007412826758331568
SAT-1,36,6703.922501191807,0.0009207346264176022
SAT-1,35,6700.849764485157,0.0010709795583834331
SAT-1,34,6696.710519183888,0.001359881514059905
SAT-1,33,6692.345406538631,0.0010637163546152618
SAT-1,32,6691.416312812897,0.0009650025633696059
SAT-1,31,6684.808189605983,0.0015606822023128818
SAT-1,30,6674.849315683069,0.0014295153439628572
SAT-1,29,6673.911006755094,0.0016477766274118585
SAT-1,28,6664.320222992277,0.0013318713552395412
SAT-1,27,6662.619913683514,0.0017658827813030339
SAT-1,26,6655.587951895337,0.0018925235133557916
SAT-1,25,6646.645461965526,0.0019929168116885974
SAT-1,24,6642.192000952718,0.0019335785894511234
SAT-1,23,6638.960296047334,0.0023082224820387544
SAT-1,22,6623.869541026466,0.002489078788383163
SAT-1,21,6616.670995593904,0.0026670906122048875
SAT-1,20,6613.964512716991,0.0025053321085860554
SAT-1,19,6605.129580092584,0.0029200122784436974
SAT-1,18,6596.114470169458,0.003393305914387185
SAT-1,17,6584.461269479465,0.0030485138537848983
SAT-1,16,6573.5356936954095,0.003230562054463308
SAT-1,15,6565.912769495937,0.003665901467219725
SAT-1,14,6556.796486767797,0.003976881362863601
SAT-1,13,6545.781484499167,0.00432610275328786
SAT-1,12,6534.368237686377,0.00481391773997432
SAT-1,11,6525.503228138885,0.00434384462017314
SAT-1,10,6509.79079252432,0.004868443055305034
SAT-1,9,6500.049522806158,0.005183085831874816
SAT-1,8,6489.533933830906,0.005306114975325024
SAT-1,7,6473.570235474301,0.005310566081719225
SAT-1,6,6461.4921523893045,0.006090540510321089
SAT-1,5,6449.640758129798,0.005989128316513997
SAT-1,4,6435.602352084101,0.006648073629002163
SAT-1,3,6418.581256178969,0.0069486457990455015
SAT-1,2,6406.106281565587,0.0070508008870902705
SAT-1,1,6391.564088170344,0.007768105876730043
SAT-2,100,6835.958974779161,0.0001494656446235402
SAT-2,99,6840.690732367075,0.00014085655434192614
SAT-2,98,6840.690703414819,0.0008086456870904287
SAT-2,97,6840.830050475786,0.0002652126857956042
SAT-2,96,6841.787128607786,0.000168378432820644
SAT-2,95,6838.612475087452,0.00018989570745813787
SAT-2,94,6837.46590116271,9.258137188517401e-06
SAT-2,93,6838.18013532948,5.4487636836748885e-05
SAT-2,92,6845.173410615737,0.00033532746075886526
SAT-2,91,6841.0925546749895,0.000284396571678446
SAT-2,90,6838.1833185345795,0.0002559694827529576
SAT-2,89,6839.505284246792,0.00017732075142637687
SAT-2,88,6837.531944925903,0.00017421797874641955
SAT-2,87,6837.4629876197605,8.168811567587935e-05
SAT-2,86,6839.363413798812,9.179044696167904e-05
SAT-2,85,6844.560508422366,0.00016549066782308662
SAT-2,84,6834.078147732409,7.622908711336991e-05
SAT-2,83,6837.414598037132,0.00020972191591872916
SAT-2,82,6837.001942352971,1.6663729466104576e-05
SAT-2,81,6840.144332396504,0.00021323128139350868
SAT-2,80,6835.762407181413,2.6240883808705304e-05
SAT-2,79,6837.437860921151,8.929920235525801e-05
SAT-2,78,6842.879759799756,0.0001232186111516755
SAT-2,77,6835.131574313215,0.00022682082717043962
SAT-2,76,6843.381434691585,0.0002509625146697138
SAT-2,75,6834.042223284168,5.093495121376591e-05
SAT-2,74,6840.74252207202,9.392942896427178e-05
SAT-2,73,6838.386932769418,0.00020450529964535175
SAT-2,72,6834.627198020108,3.996258654712437e-05
SAT-2,71,6828.470855848881,0.0001503692457073736
SAT-2,70,6835.53172782057,0.00019201727303348552
SAT-2,69,6839.790092458883,0.00022502559143264218
SAT-2,68,6834.108732982311,9.109102441670265e-05
SAT-2,67,6838.262647421719,0.00021776475247640352
SAT-2,66,6836.9657135794405,7.649431476340179e-05
SAT-2,65,6830.946876571434,0.00017253755821213852
SAT-2,64,6833.182333437987,3.3571071272274575e-05
SAT-2,63,6832.081009411529,1.6511809587132324e-05
SAT-2,62,6831.346397562182,0.00023391363266369374
SAT-2,61,6834.114426239416,0.00013728437720588542
SAT-2,60,6834.495731635694,0.00027039819654501603
SAT-2,59,6827.720641461464,0.00024844776545639966
SAT-2,58,6827.658843868391,1.8112444995365594e-05
SAT-2,57,6825.20763857316,5.7105930827717805e-05
SAT-2,56,6822.937352306692,0.00033995276196368933
SAT-2,55,6823.893186913966,4.7139944307353555e-05
SAT-2,54,6823.742323887636,0.0002643296483348063
SAT-2,53,6821.916579496151,0.0003475011373442068
SAT-2,52,6816.096996671748,0.00012990632972009042
SAT-2,51,6818.212178211861,0.00038615361564617735
SAT-2,50,6814.3508942141425,0.0003115648400212408
SAT-2,49,6815.536506438524,0.0001958052863923184
SAT-2,48,6811.524427651979,0.0003018240584727056
SAT-2,47,6807.297021190986,0.0005924111281569225
SAT-2,46,6807.454465071523,0.0005681333097596122
SAT-2,45,6806.064345216939,0.0004449276316860363
SAT-2,44,6801.770046627291,0.00041663143284079336
SAT-2,43,6797.989560080275,0.0004934243980859472
SAT-2,42,6794.379654111535,0.0006822161828468669
SAT-2,41,6788.888152490969,0.0010285162576965765
SAT-2,40,6785.048104745304,0.0004173416408019379
SAT-2,39,6786.915061382803,0.0008721089429520716
SAT-2,38,6781.858103741684,0.0008966747308123404
SAT-2,37,6776.360687266936,0.0006525977234623181
SAT-2,36,6772.483795594538,0.0007616604802570621
SAT-2,35,6770.438447532598,0.0009369203870590568
SAT-2,34,6761.440461207072,0.0009756882558288861
SAT-2,33,6759.830992834742,0.0010054545383986898
SAT-2,32,6751.822093210137,0.0012499836600578672
SAT-2,31,6749.347080626825,0.0011879358074852581
SAT-2,30,6742.185552435008,0.0014290693508310112
SAT-2,29,6734.136213345309,0.001199990089284173
SAT-2,28,6730.111613645922,0.0015433440386171148
SAT-2,27,6726.587453113048,0.001991627881149395
SAT-2,26,6721.600993257059,0.0017813169565667989
SAT-2,25,6712.793107679297,0.0017360309904319226
SAT-2,24,6705.9081613590715,0.002008787936375457
SAT-2,23,6699.597780599898,0.00203808050024902
SAT-2,22,6692.641290484657,0.00265438664036
SAT-2,21,6683.330923827912,0.002580086826979273
SAT-2,20,6677.288508178331,0.002579295268982318
SAT-2,19,6667.776495403579,0.002830045364315844
SAT-2,18,6658.798634445426,0.00284941615218839
SAT-2,17,6649.6311396347,0.0032889315360085736
SAT-2,16,6643.8824632185415,0.003575649067776525
SAT-2,15,6635.983604342832,0.003434272350781874
SAT-2,14,6622.7806857908545,0.003838183905307154
SAT-2,13,6615.718611532097,0.0038638070718884547
SAT-2,12,6597.425699593601,0.00414007616867068
SAT-2,11,6583.124444888279,0.004400195918223332
SAT-2,10,6575.0653165451695,0.0047920981206547265
SAT-2,9,6565.957694138496,0.0054055906920026636
SAT-2,8,6555.2220237945185,0.005195370817827005
SAT-2,7,6537.936307520682,0.005701990152060788
SAT-2,6,6523.802981181501,0.0062756232957303535
SAT-2,5,6516.549248500856,0.006134511732938542
SAT-2,4,6495.381687876326,0.006831855418992566
SAT-2,3,6484.999674585922,0.007155534831354176
SAT-2,2,6466.469815052067,0.00714959073316873
SAT-2,1,6455.177853448349,0.007655415881312432
SAT-3,100,6852.6723193574035,0.00017236061566479688
SAT-3,99,6851.128427962645,1.9314732991038422e-05
SAT-3,98,6854.098158115382,0.00015067842160704692
SAT-3,97,6855.5761962313245,0.00017713759477227674
SAT-3,96,6849.961173609263,0.0003033268127749989
SAT-3,95,6854.625768066051,0.0001019041781160136
SAT-3,94,6857.670178974909,7.093177685386886e-05
SAT-3,93,6856.736121996261,6.130777107731891e-05
SAT-3,92,6858.932968848308,0.00039888501208393804
SAT-3,91,6853.148828664905,0.0002421520585861682
SAT-3,90,6855.370922910065,0.00032159694070176686
SAT-3,89,6851.326610384652,0.000185129761994985
SAT-3,88,6856.360600253226,0.00030375820248932576
SAT-3,87,6850.725092754437,0.000359758771956723
SAT-3,86,6852.97030194999,0.0001917293395544896
SAT-3,85,6857.350875666341,6.321708527925215e-05
SAT-3,84,6857.60687790003,0.00022739080164768118
SAT-3,83,6849.204942937714,3.7816975015973367e-05
SAT-3,82,6854.337742658449,4.27633339764785e-05
SAT-3,81,6848.107593786001,3.194750049273944e-05
SAT-3,80,6849.896309284839,0.00018428513896130483
SAT-3,79,6853.9360546513435,0.00013691804727017392
SAT-3,78,6851.57579174276,0.00015992916958249318
SAT-3,77,6852.521421292919,0.0002439681676955448
SAT-3,76,6850.006063920263,0.000154970031498866
SAT-3,75,6850.909338990171,0.00010297143725717171
SAT-3,74,6851.702003136215,0.00014975273448857772
SAT-3,73,6850.287595772734,0.00018030582372247257
SAT-3,72,6856.250671868393,6.861163398964286e-05
SAT-3,71,6849.219045266121,0.00010699553054214151
SAT-3,70,6850.276662911875,2.303670928865252e-05
SAT-3,69,6851.63881578621,0.00022219549200475815
SAT-3,68,6848.2769261670755,4.052947333363889e-05
SAT-3,67,6848.366169793223,0.0003812852893518198
SAT-3,66,6844.664161380605,0.00035751382188420203
SAT-3,65,6851.9074023198555,4.0000921284021446e-05
SAT-3,64,6848.520411443742,0.00015841360090400433
SAT-3,63,6853.99804105724,0.0003271807770822125
SAT-3,62,6845.1371450574,7.992932452478802e-05
SAT-3,61,6840.527603235458,0.00016066271556874174
SAT-3,60,6841.666606172891,0.0001547401127242377
SAT-3,59,6840.8780068254955,7.58340107275819e-05
SAT-3,58,6845.568553123783,0.0003286715661851872
SAT-3,57,6840.10234743281,0.00046138621137330226
SAT-3,56,6838.998519805221,7.46676812964439e-06
SAT-3,55,6841.202793229276,0.00030319513793222887
SAT-3,54,6833.294543650285,0.00017449327437857554
SAT-3,53,6832.08971340264,4.529331139757015e-05
SAT-3,52,6834.87926290493,0.0006335171316893232
SAT-3,51,6827.241860101553,0.00038636467573341127
SAT-3,50,6827.170876613297,0.0002003655524423579
SAT-3,49,6825.255694225505,0.00015101267605933396
SAT-3,48,6824.672323105964,0.0001857638315130896
SAT-3,47,6822.911701100552,0.0003722994017054698
SAT-3,46,6819.187888918936,0.0002336099159869777
SAT-3,45,6815.753054709681,0.0006014963743604484
SAT-3,44,6815.711792005163,0.0002928650010355871
SAT-3,43,6811.821809799675,0.0006794216994696548
SAT-3,42,6804.357985833299,0.0006815480820712839
SAT-3,41,6803.671479638737,0.0007338498021139288
SAT-3,40,6800.049335144746,0.0003088942090623932
SAT-3,39,6794.345262941393,0.0007330846593275735
SAT-3,38,6795.341445290406,0.0005998335697744154
SAT-3,37,6792.382120183045,0.0005094358511415052
SAT-3,36,6786.523419539483,0.0006645808484428059
SAT-3,35,6780.765392766596,0.00098550286345858
SAT-3,34,6775.747505622892,0.0009727455811493323
SAT-3,33,6775.708731059138,0.0010125123408906676
SAT-3,32,6770.361209316265,0.0009849961126637736
SAT-3,31,6764.45350948089,0.0015873294325268767
SAT-3,30,6751.578371785784,0.0012329715781012013
SAT-3,29,6753.593439354053,0.0014505650327866983
SAT-3,28,6747.22992371953,0.0014749276974521327
SAT-3,27,6740.420993504784,0.0016751124565168812
SAT-3,26,6736.770634190251,0.0018738800970555395
SAT-3,25,6728.07898969129,0.0018638527359708034
SAT-3,24,6719.12976347592,0.0019896992924313735
SAT-3,23,6714.171449392047,0.002129021058631245
SAT-3,22,6706.461696178343,0.0027726102833243857
SAT-3,21,6700.174970794681,0.0024442310419617295
SAT-3,20,6692.960517841511,0.002587615554590988
SAT-3,19,6676.515287698157,0.002635600887811817
SAT-3,18,6668.271799233537,0.0029434066779870345
SAT-3,17,6664.010244984075,0.0035343106060503533
SAT-3,16,6655.466257470513,0.0033496660626335236
SAT-3,15,6647.068496989061,0.0031552060673937198
SAT-3,14,6635.583255431373,0.00396537980877269
SAT-3,13,6620.941973421653,0.004263908803436683
SAT-3,12,6614.765580054837,0.004186588380815137
SAT-3,11,6604.410473701368,0.004969176759956177
SAT-3,10,6591.812148673748,0.0048213547464553645
SAT-3,9,6578.349236787251,0.004870078916102341
SAT-3,8,6569.316138577462,0.005149226049613526
SAT-3,7,6554.7555946291495,0.005517766094242276
SAT-3,6,6542.695348600468,0.005985755229452685
SAT-3,5,6530.588832896747,0.006136034849424346
SAT-3,4,6513.384171697869,0.006375019466838835
SAT-3,3,6498.569625885912,0.006993122933404267
SAT-3,2,6486.742690577715,0.007094723938759771
SAT-3,1,6471.733093836367,0.007926838600156286
SAT-4,100,6836.855215895661,0.00021722196292837958
SAT-4,99,6834.342884271159,0.00033091784083174046
SAT-4,98,6840.425539034305,2.0592069151812835e-05
SAT-4,97,6839.48928645922,0.00019338863732577146
SAT-4,96,6844.903044842462,5.755403332894935e-05
SAT-4,95,6839.060675879933,0.00017686480251364223
SAT-4,94,6839.987027972762,7.649200338973013e-05
SAT-4,93,6836.803898754807,0.000126016094761103
SAT-4,92,6843.478366134608,0.0003008192013648994
SAT-4,91,6842.746411460019,7.048691835233319e-05
SAT-4,90,6836.2756768427735,6.631593713974219e-06
SAT-4,89,6838.870437174142,0.00025067612222809356
SAT-4,88,6834.475583319133,0.0003378181072260266
SAT-4,87,6838.280425146972,5.337020185558016e-05
SAT-4,86,6836.105763955269,0.00029883209743925004
SAT-4,85,6840.645115353324,4.6980071171584625e-05
SAT-4,84,6835.302642644067,0.0002264679158788194
SAT-4,83,6837.616143145195,0.0003666491683917825
SAT-4,82,6837.720806515011,0.0002674079584897174
SAT-4,81,6837.654047233205,2.085485701563025e-05
SAT-4,80,6831.407472286066,2.341000443034141e-05
SAT-4,79,6837.434428567898,0.00017421753149658752
SAT-4,78,6842.475055130783,0.00026114488924345534
SAT-4,77,6836.998103167033,0.00018444712961443024
SAT-4,76,6843.895984401544,4.9922763736801504e-05
SAT-4,75,6837.262012123202,3.46964603119032e-05
SAT-4,74,6837.45699679534,1.234199614911536e-05
SAT-4,73,6835.2297698762195,6.618368491417457e-05
SAT-4,72,6836.249181717881,6.320768209284914e-05
SAT-4,71,6834.178450436727,6.940394247228321e-05
SAT-4,70,6834.912245849869,0.0003519475754504416
SAT-4,69,6828.468180372438,0.0002729136689183962
SAT-4,68,6837.710597874665,0.0003561255231477261
SAT-4,67,6833.189285908219,1.1270881065254438e-05
SAT-4,66,6829.925565656626,8.75060205842712e-05
SAT-4,65,6830.010749279756,0.0004241805664186284
SAT-4,64,6834.410420876289,0.0003343929375327356
SAT-4,63,6833.097225053529,0.000138626210909542
SAT-4,62,6829.137844227721,0.0001929720243794875
SAT-4,61,6826.48060537119,0.0002464880229683815
SAT-4,60,6827.948875398025,3.866481622398438e-05
SAT-4,59,6829.264044813928,0.00021324660083111178
SAT-4,58,6825.440489478873,0.0003681279240067535
SAT-4,57,6822.41182657442,0.0002725028535227566
SAT-4,56,6825.280058038341,0.00010173266907110579
SAT-4,55,6823.202521449025,7.089123754315673e-05
SAT-4,54,6823.189932441437,0.0001594989312453061
SAT-4,53,6817.964157342123,0.00042498682850128166
SAT-4,52,6815.795165667063,4.614010713880815e-05
SAT-4,51,6811.83891195961,0.0003788911672030317
SAT-4,50,6810.58861551218,0.0006326678141307769
SAT-4,49,6806.524061373711,0.0006470204521919115
SAT-4,48,6810.070768561427,0.0003165295809598254
SAT-4,47,6805.865467176398,0.0004460925950043181
SAT-4,46,6804.683378137358,0.0006197013733372083
SAT-4,45,6802.472758015076,0.00046439683002627954
SAT-4,44,6798.542674362886,0.0004609052737896906
SAT-4,43,6797.3351893156505,0.00017102894480257856
SAT-4,42,6790.1532413381565,0.0007054472109384467
SAT-4,41,6790.74740848874,0.0005668517496633678
SAT-4,40,6786.995773726084,0.000723305318806238
SAT-4,39,6782.0569256926465,0.0005517250734534412
SAT-4,38,6780.173958031165,0.0005689406878108973
SAT-4,37,6776.7984767827065,0.00048514149128633585
SAT-4,36,6774.2537139867345,0.0009852219334165126
SAT-4,35,6768.027263229204,0.0011564796745230069
SAT-4,34,6767.054431004577,0.0012364490515375305
SAT-4,33,6753.5830193150905,0.0008558936699867638
SAT-4,32,6751.702138449181,0.001200074042176071
SAT-4,31,6749.415352444593,0.0011377852943032104
SAT-4,30,6743.216605804613,0.001225192391263239
SAT-4,29,6735.61417038594,0.0011937602391642592
SAT-4,28,6728.986181778143,0.001309306162210637
SAT-4,27,6722.757041760977,0.001900894611455472
SAT-4,26,6716.46988767134,0.002333390689901382
SAT-4,25,6713.460483645622,0.001967113702472879
SAT-4,24,6703.195090442967,0.0022001912544157027
SAT-4,23,6696.738430327826,0.0022215382662629764
SAT-4,22,6697.129676239092,0.0023222364921889746
SAT-4,21,6685.862548209135,0.0023527188119087266
SAT-4,20,6674.862217667178,0.0030073091048610067
SAT-4,19,6665.035387248951,0.0031836262101332907
SAT-4,18,6659.710364732059,0.002885134368155049
SAT-4,17,6650.537424241059,0.0033774523820592492
SAT-4,16,6641.1956697989635,0.003063359572955812
SAT-4,15,6628.169345953858,0.0035318477506236026
SAT-4,14,6619.80034132067,0.0039192595380440395
SAT-4,13,6610.074897395753,0.0037520074715918835
SAT-4,12,6599.862039520935,0.004375681461190668
SAT-4,11,6589.220201013248,0.004715112682044828
SAT-4,10,6578.4344942797925,0.004847464993579591
SAT-4,9,6564.314430614773,0.004691773951830707
SAT-4,8,6553.306550441252,0.005345898700766527
SAT-4,7,6540.247831986408,0.005341866216969844
SAT-4,6,6523.7874635424,0.006113571727600482
SAT-4,5,6512.888301008778,0.006358256617208426
SAT-4,4,6499.121860833747,0.006560641786433051
SAT-4,3,6487.0182744083595,0.0067983722376904285
SAT-4,2,6470.0827268357725,0.0071706202943928946
SAT-4,1,6453.465044324839,0.007577794952240174
SAT-5,100,6718.530030639776,0.00014106990940877521
SAT-5,99,6714.923457215437,5.00946598197094e-05
SAT-5,98,6719.008021036726,7.716253193744052e-05
SAT-5,97,6717.969927674513,0.00025926032917226885
SAT-5,96,6716.057241990515,0.000215778529359813
SAT-5,95,6715.59385029903,0.0002509501260481958
SAT-5,94,6714.092235200591,0.0003197272598722416
SAT-5,93,6721.128281634889,3.4702715452806226e-05
SAT-5,92,6714.26050002234,0.00032855466085866575
SAT-5,91,6719.313326690169,6.667321519552807e-05
SAT-5,90,6714.300173283102,1.8425370736975855e-05
SAT-5,89,6711.970950048256,0.00014574999746171406
SAT-5,88,6712.797344408961,0.0001155088963857001
SAT-5,87,6715.189684107374,8.499153194242975e-05
SAT-5,86,6719.113227557877,0.00016138899791263262
SAT-5,85,6717.648946322032,4.338717809976204e-06
SAT-5,84,6715.004837051711,0.00017365431026844635
SAT-5,83,6712.249751271936,0.00011546938587193571
SAT-5,82,6715.386866846374,0.0001378534582367554
SAT-5,81,6715.592277935611,0.0005308924582173044
SAT-5,80,6713.156290365213,6.578783996523795e-05
SAT-5,79,6713.05486500978,6.997659199692535e-05
SAT-5,78,6712.860148507575,0.000279777762856636
SAT-5,77,6717.822536945816,7.114863331476966e-05
SAT-5,76,6711.982647393081,0.00013850476151240642
SAT-5,75,6712.447582715139,0.00017225041458622775
SAT-5,74,6714.07004387797,0.0002557921711643208
SAT-5,73,6717.133639329167,0.0004085062112542299
SAT-5,72,6711.400044599631,2.5920466552071244e-05
SAT-5,71,6713.276179802654,0.00012115182823253058
SAT-5,70,6713.797001007524,0.0004593324587883955
SAT-5,69,6711.254188257107,9.890457707256518e-05
SAT-5,68,6707.748038255806,8.149091135325823e-05
SAT-5,67,6710.564138893657,0.00042807143813868313
SAT-5,66,6708.751268078251,0.0001189574805629053
SAT-5,65,6709.34708308566,0.00031754770572474237
SAT-5,64,6714.989507390526,1.9949262748938555e-05
SAT-5,63,6706.670397719547,0.00030215889204894
SAT-5,62,6708.754825049908,0.0004705811505823324
SAT-5,61,6707.596696789156,3.81724920777137e-05
SAT-5,60,6706.627277402573,0.0003415122671517072
SAT-5,59,6706.138801778835,0.0002319913180565851
SAT-5,58,6705.610543049815,0.0003762636547242601
SAT-5,57,6705.170833803435,0.0002852002829530541
SAT-5,56,6699.980461125049,0.00019912726752179015
SAT-5,55,6702.004412742112,2.208691683767836e-05
SAT-5,54,6698.4024995980235,0.0001239541693696535
SAT-5,53,6695.943778383179,0.00047701792915658527
SAT-5,52,6694.634723995891,0.0002509820350663553
SAT-5,51,6688.931795973392,0.0004130824634405697
SAT-5,50,6692.004350778694,0.0007205024956962176
SAT-5,49,6687.560390738459,0.00035770181736791346
SAT-5,48,6686.767635535119,0.0006575054325878206
SAT-5,47,6683.590477494875,0.0004282122505891936
SAT-5,46,6682.898157600132,0.0004425053948663974
SAT-5,45,6677.672056289465,0.00047929704961478727
SAT-5,44,6678.736735700491,0.00027313391195291374
SAT-5,43,6673.499060511209,0.00037918103364729076
SAT-5,42,6673.112272898154,0.0002582995844783704
SAT-5,41,6665.523891707662,0.0006852333652480297
SAT-5,40,6667.4644503989275,0.000646781498820528
SAT-5,39,6658.6192775091085,0.0010897600057232437
SAT-5,38,6652.665261574802,0.00033099662531110917
SAT-5,37,6653.4788324509755,0.0007313899405646033
SAT-5,36,6645.728694283015,0.0010385162996949964
SAT-5,35,6644.59764211027,0.0008532683248877801
SAT-5,34,6636.290935329164,0.0012142090774911547
SAT-5,33,6636.411659270738,0.0010981164638792491
SAT-5,32,6634.48172881596,0.0009869814521698953
SAT-5,31,6620.90834339853,0.0011506950162588762
SAT-5,30,6619.236675284953,0.0014310794408996636
SAT-5,29,6613.1408261812,0.0015516461111379847
SAT-5,28,6604.766367765365,0.0018745385774497773
SAT-5,27,6601.59229837986,0.001919767991752751
SAT-5,26,6596.301149691786,0.001904407494065882
SAT-5,25,6590.252558526422,0.0020258307630385886
SAT-5,24,6583.54874322551,0.0023321023578616123
SAT-5,23,6575.269779250095,0.0023450796281528283
SAT-5,22,6567.106077090124,0.002635614488525021
SAT-5,21,6557.899335570693,0.0028596847568172893
SAT-5,20,6551.45024544923,0.002373136530611517
SAT-5,19,6543.524017363119,0.0026910687403401503
SAT-5,18,6536.643545198313,0.0028732455007746465
SAT-5,17,6524.441897742804,0.002811175919246019
SAT-5,16,6515.1113305277195,0.002898771224909334
SAT-5,15,6502.628383267128,0.003739576982263985
SAT-5,14,6498.5518767224685,0.0038863592041921183
SAT-5,13,6483.814155968019,0.00401567664540673
SAT-5,12,6475.503489978115,0.004028033947596617
SAT-5,11,6468.18017208026,0.004680571568350261
SAT-5,10,6452.398229891268,0.004767148718834032
SAT-5,9,6441.61175334571,0.0046217617381502695
SAT-5,8,6428.215512869539,0.005174106887035568
SAT-5,7,6413.665786301104,0.005547138446857937
SAT-5,6,6407.585272642965,0.006037252302488526
SAT-5,5,6388.160192851385,0.006342615607306356
SAT-5,4,6379.150404917307,0.0067457598684176785
SAT-5,3,6361.422592250642,0.006778336401094011
SAT-5,2,6348.188934609875,0.007347915002519475
SAT-5,1,6333.390219375911,0.007772806310571519
SAT-6,100,6771.1835236726465,8.211292548834043e-05
SAT-6,99,6773.078186690123,9.524455826805308e-05
SAT-6,98,6772.229884016474,8.217518684239005e-05
SAT-6,97,6766.261169499525,5.4183967861003825e-05
SAT-6,96,6767.088146238075,0.00012742701303024377
SAT-6,95,6769.19462722865,7.214449623785531e-05
SAT-6,94,6767.823968027908,0.00047105329707223327
SAT-6,93,6772.199292433813,0.0001298711840846669
SAT-6,92,6767.968663203982,6.662548429351276e-05
SAT-6,91,6769.3975894403875,0.00016191826928982063
SAT-6,90,6767.206597165003,0.0002910438102256574
SAT-6,89,6768.829532315074,0.0001721610332904087
SAT-6,88,6766.599128352813,0.00035758942280786707
SAT-6,87,6764.711380351055,0.00024998493709210354
SAT-6,86,6768.29750405496,0.00025244292427229137
SAT-6,85,6771.897357737205,4.8576348023927524e-05
SAT-6,84,6770.324596592139,3.573017144971905e-05
SAT-6,83,6767.124386258709,0.00022046087764719498
SAT-6,82,6769.100941704594,0.0002711737724469894
SAT-6,81,6771.060105382875,0.0003205921545793508
SAT-6,80,6765.686131754786,0.00012431371123734232
SAT-6,79,6768.347189974268,9.799503851464191e-05
SAT-6,78,6765.577251623948,8.760876343774982e-05
SAT-6,77,6766.706789331082,0.00028228788280173345
SAT-6,76,6767.921934895047,2.5159762667360697e-05
SAT-6,75,6768.256785285182,0.0005193030195761546
SAT-6,74,6768.934048759491,0.00029584465040575944
SAT-6,73,6764.858172155053,0.0001698618487753683
SAT-6,72,6762.194710819259,0.0002885266564255644
SAT-6,71,6763.891661505281,0.00012830270009600364
SAT-6,70,6764.532737061363,0.00015744116999448477
SAT-6,69,6764.3880092362115,0.00019110211948785344
SAT-6,68,6766.186401557179,2.9314766482402e-05
SAT-6,67,6759.2548997619115,1.1721713243322007e-05
SAT-6,66,6766.2965939851465,0.0002489856921725591
SAT-6,65,6761.0159081725415,1.475896368617472e-05
SAT-6,64,6760.367486880517,0.0005063155420620287
SAT-6,63,6761.34823313914,0.00018407649958807442
SAT-6,62,6762.125203143641,0.0001537389707551632
SAT-6,61,6757.988669144009,7.550239393286484e-05
SAT-6,60,6757.471035360026,0.0001170685572478922
SAT-6,59,6758.4060683676535,0.00014566714251132036
SAT-6,58,6757.2748547016,0.00013100267412814403
SAT-6,57,6754.411422484351,0.0002394403779565611
SAT-6,56,6755.188473695317,0.00024382367892945904
SAT-6,55,6753.98256378321,0.0003890355710888774
SAT-6,54,6755.201151270512,0.00017944545971882578
SAT-6,53,6751.141771550405,1.8087824724754247e-05
SAT-6,52,6748.188309271217,3.575306631512922e-05
SAT-6,51,6743.271412106821,0.0006513794745232177
SAT-6,50,6742.413332506652,0.0003360795791858051
SAT-6,49,6743.004403835283,0.0004177495829443815
SAT-6,48,6739.01962177142,0.0004197484306431056
SAT-6,47,6742.336653471657,0.0003656256395431435
SAT-6,46,6734.380562125348,0.000620055902951383
SAT-6,45,6734.051353340956,0.0006826265656619366
SAT-6,44,6730.148880063634,0.000254577442803764
SAT-6,43,6729.749613339314,0.00029467757154612274
SAT-6,42,6723.380643171658,0.00041682324894598875
SAT-6,41,6719.260248642078,0.0006802849258105564
SAT-6,40,6716.853431547186,0.0007490571553969174
SAT-6,39,6716.540952681207,0.0008089769056526564
SAT-6,38,6708.174302920334,0.0009683167038075319
SAT-6,37,6707.851870730873,0.000591020675922462
SAT-6,36,6702.274674683185,0.0010418210122120403
SAT-6,35,6695.743629750161,0.0012459668672121847
SAT-6,34,6691.6159555409795,0.0010695743560441694
SAT-6,33,6686.852874947851,0.0011258088996661544
SAT-6,32,6679.623846791323,0.000917729682431002
SAT-6,31,6681.2078171666235,0.0011244258140861946
SAT-6,30,6669.3715576349205,0.0009564749818291173
SAT-6,29,6664.645910139337,0.0012213585266683607
SAT-6,28,6664.499652408902,0.0017924905280183871
SAT-6,27,6652.5766986456165,0.0021515374400187222
SAT-6,26,6650.39814822604,0.0017528320270481358
SAT-6,25,6635.079024221377,0.0023992190190680086
SAT-6,24,6630.967403341651,0.0017419335559584826
SAT-6,23,6629.8343005885845,0.0026959708114177154
SAT-6,22,6623.290496554837,0.002465114322960333
SAT-6,21,6613.576600362724,0.0026749212355059223
SAT-6,20,6605.947359983027,0.0027202712893437367
SAT-6,19,6595.96365726844,0.002819501899769957
SAT-6,18,6585.156423036394,0.002952376734776505
SAT-6,17,6573.824362473072,0.00317415759359091
SAT-6,16,6566.270016740684,0.0031675706803067057
SAT-6,15,6559.537273886444,0.0038706359618187803
SAT-6,14,6551.382566023566,0.0034919090246252247
SAT-6,13,6536.256924167135,0.004218114607747504
SAT-6,12,6525.555676024715,0.004219521708950455
SAT-6,11,6518.296204756122,0.004316171672777133
SAT-6,10,6505.713477273926,0.00449970790556622
SAT-6,9,6492.086775398682,0.005098806552178369
SAT-6,8,6477.350370174731,0.0054033401377419415
SAT-6,7,6468.620140011243,0.005718597949833292
SAT-6,6,6456.150239843722,0.006186653269744627
SAT-6,5,6442.400599765181,0.006146959396324808
SAT-6,4,6428.457158266142,0.006674234191157136
SAT-6,3,6413.895064684375,0.006920583548390636
SAT-6,2,6397.187795289044,0.0071413791954396694
SAT-6,1,6380.145121329062,0.008000428752387247
SAT-7,100,6864.862602484866,9.258011462326101e-05
SAT-7,99,6866.176238409421,0.00022498580112480872
SAT-7,98,6867.234822377614,0.00029554936507066726
SAT-7,97,6866.288210012734,0.00010179995178068085
SAT-7,96,6865.882868940194,0.00047503156969059813
SAT-7,95,6865.000764525771,0.00010796756698132595
SAT-7,94,6869.551518775675,0.0001287669652262201
SAT-7,93,6867.49943742615,2.005023058923522e-05
SAT-7,92,6868.065405253293,1.6626739010222727e-05
SAT-7,91,6870.355714365332,0.0004881527644541907
SAT-7,90,6866.538531110825,0.00022787967097989513
SAT-7,89,6867.692991452466,0.0005620716332667842
SAT-7,88,6865.88013015342,0.00037402335162473396
SAT-7,87,6872.052268608535,6.441968900567846e-05
SAT-7,86,6869.241054271307,0.00037211050876162803
SAT-7,85,6866.8219412208755,5.89235291544809e-06
SAT-7,84,6866.255914288472,0.00015611156040265295
SAT-7,83,6866.014982710679,0.00019765124281653087
SAT-7,82,6867.637565243992,0.00010648206687580793
SAT-7,81,6868.03544135282,0.000263197325104805
SAT-7,80,6868.15946115388,0.0002152667172577054
SAT-7,79,6862.209997466915,0.00012407951970543489
SAT-7,78,6870.104409054527,0.00019180437320232065
SAT-7,77,6871.034327540438,0.0001349538012091295
SAT-7,76,6864.882626933948,4.121720860437925e-05
SAT-7,75,6867.805577854649,6.901450321840275e-05
SAT-7,74,6867.49124655446,0.0001286286928799528
SAT-7,73,6866.2698986334335,0.0002252628488450756
SAT-7,72,6865.235571419972,0.00012101230895703751
SAT-7,71,6863.30431171687,0.0003096284791780079
SAT-7,70,6867.46053587483,0.00018726854911735584
SAT-7,69,6861.547394661663,5.622555796960072e-06
SAT-7,68,6866.810700823293,0.00010118785326390141
SAT-7,67,6869.026900423299,0.00015597280721479483
SAT-7,66,6863.107039364569,2.0525971295420176e-05
SAT-7,65,6862.303612835301,5.752445765981166e-05
SAT-7,64,6863.024068265066,0.0002857143290948373
SAT-7,63,6858.510642922074,0.00016477050017563516
SAT-7,62,6855.041203140586,0.00021098732471842922
SAT-7,61,6855.960080057909,0.00031239783445457614
SAT-7,60,6858.703707084672,0.0006265208284224786
SAT-7,59,6856.654039294494,0.0003063840406262488
SAT-7,58,6855.730049969713,0.00013077597989769187
SAT-7,57,6856.594747780813,0.00010555277049819017
SAT-7,56,6853.648357358524,0.0002422734653751232
SAT-7,55,6849.899534439236,0.00039203189484322506
SAT-7,54,6849.625037181605,5.9622273837351563e-05
SAT-7,53,6849.794811182271,4.978333417771295e-05
SAT-7,52,6846.809049466767,0.00024802030000707967
SAT-7,51,6847.627795487923,0.000366920770711911
SAT-7,50,6842.909693176482,0.00045955418477597787
SAT-7,49,6844.386975445887,0.00043358318700629296
SAT-7,48,6838.751678122952,8.779690406588851e-05
SAT-7,47,6833.747552415656,0.00031951237846498704
SAT-7,46,6832.436256067946,0.00037593868353883136
SAT-7,45,6831.511385385587,0.0005545669758072667
SAT-7,44,6828.4580296281965,0.0005838866745011611
SAT-7,43,6825.909442610369,0.00013226125726514593
SAT-7,42,6820.357938088798,0.0005422688281915972
SAT-7,41,6816.478579716241,0.0007379261101351612
SAT-7,40,6819.959137654203,0.0009118332952753837
SAT-7,39,6812.055289396018,0.0010198231931059108
SAT-7,38,6809.23858521635,0.0007114899963123125
SAT-7,37,6803.426909914492,0.0007794562220382947
SAT-7,36,6799.892954526991,0.0009390776286110181
SAT-7,35,6796.971195525969,0.0009748426289666035
SAT-7,34,6793.16566199771,0.001285996240693189
SAT-7,33,6789.741661911947,0.00082912141684594
SAT-7,32,6776.061953736089,0.0013960117615837754
SAT-7,31,6773.8865798273055,0.0012522729237573833
SAT-7,30,6769.006978008196,0.001030164837419916
SAT-7,29,6767.679193393856,0.0016412154377964496
SAT-7,28,6759.035560571528,0.0010757265721069382
SAT-7,27,6753.013685452713,0.0017828190004164296
SAT-7,26,6744.328677651409,0.0018578782080917514
SAT-7,25,6741.371485950412,0.002060296724856138
SAT-7,24,6734.822507494379,0.0018798074375596097
SAT-7,23,6730.351525327505,0.0021797223359305267
SAT-7,22,6719.843775224569,0.0021690868275212817
SAT-7,21,6711.063730945366,0.0023306855013305403
SAT-7,20,6703.699895423535,0.00300978262096439
SAT-7,19,6692.3556237160155,0.002512716166160573
SAT-7,18,6690.8014823920785,0.002970054935105546
SAT-7,17,6676.466294726694,0.0034052143768151352
SAT-7,16,6667.3096777240025,0.0037568984068453073
SAT-7,15,6660.864575251692,0.0034980611433067794
SAT-7,14,6654.5622671065075,0.0036882740811352522
SAT-7,13,6640.668455003367,0.004093226806617219
SAT-7,12,6631.348469796841,0.004580158498681291
SAT-7,11,6617.083306946009,0.004362564910066684
SAT-7,10,6606.682190930693,0.004634377850985499
SAT-7,9,6598.705884692161,0.00506556515195247
SAT-7,8,6580.501772695064,0.005355589171708904
SAT-7,7,6565.383640849519,0.005417185071633792
SAT-7,6,6558.673711343205,0.00578585424834164
SAT-7,5,6539.552483116639,0.006343578975441376
SAT-7,4,6531.197896960002,0.006712773167868933
SAT-7,3,6516.345255787858,0.006764514112822028
SAT-7,2,6495.470469906489,0.007577634029727017
SAT-7,1,6482.927156976239,0.007603754720844911
SAT-8,100,6824.142313037978,0.0004739858202057283
SAT-8,99,6821.393794031823,0.00022655337764175898
SAT-8,98,6823.145062420016,9.47038325981629e-05
SAT-8,97,6826.823440673806,0.00014255269688343627
SAT-8,96,6824.347309805397,0.00025548763788747194
SAT-8,95,6822.087711783917,0.00012685408224228975
SAT-8,94,6820.385386622722,0.00035227974584968886
SAT-8,93,6828.133507432624,0.00017964287631882513
SAT-8,92,6822.43307554881,1.4351094352272616e-05
SAT-8,91,6823.744866352296,0.0002041800329333709
SAT-8,90,6825.113777328673,7.555013648827619e-05
SAT-8,89,6822.526225323308,9.763018212317144e-05
SAT-8,88,6822.297921792315,0.0003626535320295101
SAT-8,87,6824.115786986869,0.00018825794283547503
SAT-8,86,6824.506132779442,0.0002761103819225765
SAT-8,85,6823.252647504532,0.0002177735383656578
SAT-8,84,6823.739669487155,8.844716673285429e-05
SAT-8,83,6821.346967903399,0.00015939404057653019
SAT-8,82,6825.678397286358,4.675132097272385e-05
SAT-8,81,6823.2533921392705,0.00038340921935255915
SAT-8,80,6822.964476556494,0.0005638819740615905
SAT-8,79,6823.638443721852,0.00030789991980565204
SAT-8,78,6823.948923660535,0.00012133993380206707
SAT-8,77,6825.10761149298,0.00018077069587950318
SAT-8,76,6821.3293496478145,0.00019750419683236165
SAT-8,75,6820.917535464559,0.0001213062396163485
SAT-8,74,6819.723380983262,0.00016820613290963345
SAT-8,73,6825.051590868652,0.00013139878279010776
SAT-8,72,6817.554261952686,0.00014367417926953966
SAT-8,71,6823.1650483243875,6.456231043836492e-05
SAT-8,70,6819.427550691092,6.336299017135094e-05
SAT-8,69,6817.3462638250685,0.00019354475879428335
SAT-8,68,6818.505919236254,0.00015173538560691707
SAT-8,67,6816.0401791632685,1.519799443917056e-05
SAT-8,66,6819.463203002343,2.767060007158133e-06
SAT-8,65,6821.317503235858,3.075614102591038e-06
SAT-8,64,6816.845841422154,0.00027587645840012947
SAT-8,63,6811.960035275441,0.0002557012455706437
SAT-8,62,6810.847908821349,0.00035689030631094797
SAT-8,61,6812.369184243043,0.000624804567559162
SAT-8,60,6811.351974611131,0.00015981561186491892
SAT-8,59,6815.554824489193,0.000534888889657336
SAT-8,58,6815.709568549365,0.00038721158294414
SAT-8,57,6811.887545922302,0.0002770974954657481
SAT-8,56,6809.95611229819,6.268118715980482e-05
SAT-8,55,6804.554596399218,0.00018793295974332111
SAT-8,54,6804.667308051461,0.00011511012216005653
SAT-8,53,6805.224838226416,0.0004155223985396136
SAT-8,52,6801.989946823503,0.0005403345418365639
SAT-8,51,6797.089166822439,0.0002282336585695679
SAT-8,50,6796.210537806267,8.232197218910049e-05
SAT-8,49,6795.7350878931675,0.00029265605034885483
SAT-8,48,6797.539753965879,0.0004713109137364671
SAT-8,47,6788.880202546951,0.0007463602588923493
SAT-8,46,6792.042953846587,0.0005247369111192348
SAT-8,45,6785.833883360649,0.00025172500388081565
SAT-8,44,6782.734092667596,0.000699320495966349
SAT-8,43,6785.49005537261,0.0008309877024799493
SAT-8,42,6776.514486053308,0.00034214727896770907
SAT-8,41,6774.885365225051,0.0002592369173129411
SAT-8,40,6771.9705128932355,0.0006335448339657777
SAT-8,39,6766.454138353103,0.0003977217785721524
SAT-8,38,6765.181249874198,0.0006673514488931292
SAT-8,37,6757.065957518498,0.00026048214296918166
SAT-8,36,6755.824942345147,0.0012544291297594606
SAT-8,35,6755.753241644144,0.0008777985999082573
SAT-8,34,6745.598119456869,0.0011366062632405165
SAT-8,33,6739.902146009803,0.001181443816789405
SAT-8,32,6739.3922903037355,0.0014495188504023732
SAT-8,31,6732.083724416574,0.0012514756803901179
SAT-8,30,6724.7676371408825,0.0012201692804175391
SAT-8,29,6720.7896723780195,0.0015578419333887468
SAT-8,28,6717.791131173357,0.0014282836666894424
SAT-8,27,6713.141351030172,0.0016452179054169977
SAT-8,26,6703.002871371902,0.0016667483145959465
SAT-8,25,6690.379492957091,0.0021162319304977215
SAT-8,24,6691.395999350504,0.002013140140601869
SAT-8,23,6682.557906400836,0.002309600520366332
SAT-8,22,6671.036004965557,0.0022449143101562533
SAT-8,21,6669.187931306828,0.002251772585791662
SAT-8,20,6659.89648843819,0.0023911089903008317
SAT-8,19,6651.981784563858,0.002823284575566016
SAT-8,18,6638.11606006801,0.003239851967716945
SAT-8,17,6631.332830665779,0.003030167378222635
SAT-8,16,6624.3554726008515,0.003616408360311254
SAT-8,15,6611.660539060328,0.0036029638211951057
SAT-8,14,6605.2713708586,0.00394302261347814
SAT-8,13,6594.284653495966,0.003954947149008847
SAT-8,12,6581.055474056152,0.004280069462234787
SAT-8,11,6569.35328207781,0.003923962813726591
SAT-8,10,6561.653993118168,0.004945692319442751
SAT-8,9,6542.795418518919,0.004831296371083526
SAT-8,8,6537.993295260287,0.005725136630767853
SAT-8,7,6523.8337738769615,0.005460891717379687
SAT-8,6,6510.245768505011,0.006187192814255147
SAT-8,5,6495.585183159962,0.006071394449895459
SAT-8,4,6482.057110802319,0.006373301210373768
SAT-8,3,6469.19214539776,0.007235793248519424
SAT-8,2,6454.863027790563,0.007221881025200254
SAT-8,1,6438.034661435485,0.007336267588686179
SAT-9,100,6899.205705671043,2.5313059649839213e-05
SAT-9,99,6896.546727444198,0.0006795020134213718
SAT-9,98,6897.744749499089,0.00010947768536663725
SAT-9,97,6895.931713237661,0.0002705698352917506
SAT-9,96,6897.280083254519,0.0002467742774110737
SAT-9,95,6899.293503564613,9.274581805539917e-05
SAT-9,94,6901.675991668719,0.00025689633299532934
SAT-9,93,6895.870022489028,0.0002970972169994222
SAT-9,92,6897.151186004494,0.00021146144847684353
SAT-9,91,6898.183519271412,0.0001283435927457751
SAT-9,90,6895.349056647381,0.00024695266256863184
SAT-9,89,6896.102428897909,3.972035279599973e-05
SAT-9,88,6894.527180779802,0.0001257993777710918
SAT-9,87,6902.039999526282,0.00017232904939845495
SAT-9,86,6896.904815869856,0.0003237548693354855
SAT-9,85,6896.5963277500605,0.0001319623583023464
SAT-9,84,6894.079803407807,0.00012738077929392934
SAT-9,83,6896.195986565664,0.00023916238378837222
SAT-9,82,6899.546492357086,0.0005603048818561224
SAT-9,81,6897.925730161209,0.0001080206415688329
SAT-9,80,6896.843891982117,2.7192759509738047e-05
SAT-9,79,6897.066216836829,1.4932502175406271e-05
SAT-9,78,6896.482059668849,0.0003085229117739916
SAT-9,77,6893.362210814976,0.0002740052856782087
SAT-9,76,6898.963614896525,2.3636892854183866e-05
SAT-9,75,6890.130793980653,7.287139836648688e-05
SAT-9,74,6898.412513594578,4.5811987392623195e-05
SAT-9,73,6892.373911647437,4.859535959324387e-05
SAT-9,72,6896.6408572944365,0.0001639955070926755
SAT-9,71,6893.571476980251,1.60754641105379e-05
SAT-9,70,6892.778535855566,0.0001241615378473009
SAT-9,69,6897.342286451849,6.802739898683643e-07
SAT-9,68,6895.846523530239,0.00037198725503688994
SAT-9,67,6894.750024473545,1.413524909121006e-05
SAT-9,66,6892.661912454016,7.238971697421641e-05
SAT-9,65,6888.73617657635,0.0001477698553967202
SAT-9,64,6887.331867750276,0.0003267893175447124
SAT-9,63,6888.339743984929,0.0001365875958269675
SAT-9,62,6889.36560690704,5.2487638711584165e-05
SAT-9,61,6889.210901731863,1.807912692789475e-05
SAT-9,60,6888.936174471818,0.00014639543699695006
SAT-9,59,6886.010836177041,0.0005213512596640565
SAT-9,58,6882.050318916661,9.884490547429299e-06
SAT-9,57,6884.607496852322,0.0001944036098403192
SAT-9,56,6882.882122476359,0.0002706509042819323
SAT-9,55,6882.182234899579,0.0004104429674436443
SAT-9,54,6880.112653870496,0.00015739934892869116
SAT-9,53,6879.160641481182,0.0006043328916314427
SAT-9,52,6875.432682862218,4.9817812518271294e-05
SAT-9,51,6876.706428901392,0.00024278446546167995
SAT-9,50,6866.56625736314,0.000460364834482484
SAT-9,49,6868.598806763291,0.00029879404339156753
SAT-9,48,6868.581418054598,0.00038314366060821295
SAT-9,47,6867.209636771023,0.00028833961933843105
SAT-9,46,6864.268471723615,0.00035630318273561633
SAT-9,45,6862.242457430393,0.0005665814958550105
SAT-9,44,6855.321350473064,0.0006986623430874063
SAT-9,43,6853.43401861539,0.0006838457043086284
SAT-9,42,6852.650165511678,0.0009336026488114239
SAT-9,41,6847.9698222722445,0.00054295657902876
SAT-9,40,6845.109382213455,0.0006023245424855444
SAT-9,39,6843.614421983029,0.000393295418165082
SAT-9,38,6835.25838118031,0.0005602261803365609
SAT-9,37,6836.361856208109,0.0011769524079687848
SAT-9,36,6829.6279441818315,0.0008661096136143977
SAT-9,35,6825.770561635958,0.0012014886595740379
SAT-9,34,6818.7806043926985,0.001090420356399357
SAT-9,33,6818.83144130263,0.0012211994186403688
SAT-9,32,6811.946381269671,0.0014042365719658281
SAT-9,31,6799.571366495677,0.0014276806421585806
SAT-9,30,6799.322742020357,0.0010193139196811077
SAT-9,29,6796.6292137269875,0.001758995688884991
SAT-9,28,6789.158885941606,0.001779389514092987
SAT-9,27,6787.435662873146,0.0019623206641692093
SAT-9,26,6781.151538551603,0.0019645112964667777
SAT-9,25,6770.624015325428,0.0016189248366729658
SAT-9,24,6762.9340710078495,0.0019006514807891617
SAT-9,23,6761.813124021919,0.0021711306621659326
SAT-9,22,6749.245719245137,0.0024609170686604935
SAT-9,21,6741.306613344106,0.0028415358263385506
SAT-9,20,6731.601307823838,0.0027012419900998494
SAT-9,19,6722.95487076393,0.0025663035176082595
SAT-9,18,6714.619804500911,0.0029993918852427165
SAT-9,17,6706.0913916668815,0.003053628817477628
SAT-9,16,6694.333593568996,0.0033699549237266604
SAT-9,15,6684.433630293098,0.0037425341917903202
SAT-9,14,6678.400766610511,0.0035127863399594134
SAT-9,13,6667.06586453555,0.003877816583534283
SAT-9,12,6657.9177235042225,0.0045308259226570285
SAT-9,11,6641.341036054061,0.004531133274081883
SAT-9,10,6634.157599239259,0.0048990685143424926
SAT-9,9,6623.231078798769,0.004882743793504637
SAT-9,8,6609.643112389008,0.005154327513291703
SAT-9,7,6600.467145074671,0.00561064978318679
SAT-9,6,6589.451323942557,0.005899980515489473
SAT-9,5,6569.424414310899,0.005928385120529832
SAT-9,4,6552.7514580375355,0.0062470348912513005
SAT-9,3,6543.548623855703,0.007012497709298386
SAT-9,2,6524.097690473094,0.0074512545362676215
SAT-9,1,6511.551874598967,0.007678159500649508
SAT-10,100,6755.551995637383,0.00019174885118701727
SAT-10,99,6750.850113446979,0.00016585745626914662
SAT-10,98,6746.141841563421,0.00013144965023457317
SAT-10,97,6750.993294469676,0.00018505472301632593
SAT-10,96,6751.192277649013,2.7752183805664514e-05
SAT-10,95,6750.956804112225,0.00011761702815078109
SAT-10,94,6751.937896746661,0.00010077533872779268
SAT-10,93,6748.785842373137,0.00029458090956316493
SAT-10,92,6751.258589736034,1.6177127002880402e-05
SAT-10,91,6753.265736124886,5.90714534666112e-05
SAT-10,90,6753.864285651527,6.988582105427571e-05
SAT-10,89,6749.9317866301435,8.48105338551312e-05
SAT-10,88,6748.579184548443,3.42919947692155e-05
SAT-10,87,6751.324125090133,2.8945349040597076e-05
SAT-10,86,6751.046436288147,0.00036355856188561696
SAT-10,85,6749.947131797391,3.155746824213381e-05
SAT-10,84,6751.658941046738,0.00019231517937128077
SAT-10,83,6754.351629668906,0.0001597180960289893
SAT-10,82,6753.525183068061,9.933151478824784e-05
SAT-10,81,6749.384591792134,0.0003694240457358133
SAT-10,80,6747.8973519873525,0.0001987718227359112
SAT-10,79,6753.244975861851,0.00011847577300141812
SAT-10,78,6754.065583316905,3.350540930587969e-05
SAT-10,77,6751.1238141399435,6.959443016815501e-05
SAT-10,76,6749.858568213068,0.00018091274184586732
SAT-10,75,6751.942665868125,0.0003295129066337253
SAT-10,74,6752.95439067394,0.00031061230879322405
SAT-10,73,6751.977045577598,0.00024920114097942757
SAT-10,72,6746.3354039912065,5.601357517700608e-05
SAT-10,71,6745.92805839553,1.4194298843836203e-05
SAT-10,70,6747.51135835628,0.00018775309446777884
SAT-10,69,6751.103131932044,0.0003144210709719021
SAT-10,68,6745.921720000299,2.619841134994687e-06
SAT-10,67,6742.569164586192,0.00011748471088532687
SAT-10,66,6748.588229149487,0.00037184589192355724
SAT-10,65,6742.433071887045,6.4094363816668e-05
SAT-10,64,6744.736965674348,0.00011678616057783223
SAT-10,63,6742.00079126694,0.0001526683625067288
SAT-10,62,6741.996301699067,7.287866823825506e-05
SAT-10,61,6743.633390686753,8.584480117609845e-05
SAT-10,60,6740.190479340428,7.237902722874472e-05
SAT-10,59,6739.997492668731,3.106374283748529e-05
SAT-10,58,6738.4276699100765,0.00043666340771485423
SAT-10,57,6739.248538686597,7.08916788080788e-05
SAT-10,56,6738.271446078021,7.755006926270888e-05
SAT-10,55,6738.051755660711,0.00023393192645352966
SAT-10,54,6733.343364706733,0.00026669475397596645
SAT-10,53,6728.075529686574,2.9496500168050237e-05
SAT-10,52,6727.302967550746,0.0002448127813666522
SAT-10,51,6732.793527565456,0.0006846212164524374
SAT-10,50,6728.116571820346,0.00036254988300280227
SAT-10,49,6719.957995731363,0.00017986642886710653
SAT-10,48,6720.305520686974,0.0001923746939636877
SAT-10,47,6719.539160520282,0.00025251926687448544
SAT-10,46,6712.560970540804,0.0005292950584374178
SAT-10,45,6712.237086502395,0.00046285786083614087
SAT-10,44,6717.368666741119,0.0002690894904966264
SAT-10,43,6702.971721259879,0.00043653378923788855
SAT-10,42,6709.007859154241,0.0009291358932580295
SAT-10,41,6699.978126080613,0.0006836602718612152
SAT-10,40,6698.5181679247935,0.0006132713171530837
SAT-10,39,6702.748938434286,0.0003874639631348802
SAT-10,38,6693.050449220481,0.0008388258879669975
SAT-10,37,6691.224065879092,0.00082592685310809
SAT-10,36,6685.182706415505,0.0007930447337295528
SAT-10,35,6680.791761419857,0.000871975032914429
SAT-10,34,6677.176429791385,0.0009403249816051845
SAT-10,33,6671.859711051499,0.0010866285108769155
SAT-10,32,6668.811065693674,0.001165249097696214
SAT-10,31,6656.420378896227,0.001515990367356709
SAT-10,30,6653.217113314588,0.0012261877202841467
SAT-10,29,6648.3855668316355,0.001730652087448074
SAT-10,28,6638.686834531798,0.0021878648003459096
SAT-10,27,6640.568622089409,0.001715486045239743
SAT-10,26,6631.437905065203,0.0018446971021854421
SAT-10,25,6626.261750137693,0.002039861605203922
SAT-10,24,6619.461751231753,0.002058717425064961
SAT-10,23,6610.415934015976,0.002147553656883209
SAT-10,22,6602.973949365863,0.0025488745017873244
SAT-10,21,6597.205011872446,0.001885948380281055
SAT-10,20,6589.321196008068,0.002672768226957667
SAT-10,19,6579.287788175629,0.0027241048181961347
SAT-10,18,6573.483021866709,0.0031678050260384814
SAT-10,17,6559.755965897185,0.0032450239598388175
SAT-10,16,6549.943758230391,0.0030821528942561243
SAT-10,15,6541.15215100527,0.003734502182490462
SAT-10,14,6535.100992680184,0.003878414212833369
SAT-10,13,6524.175139533864,0.004102984011036903
SAT-10,12,6510.039596078686,0.004320620831348699
SAT-10,11,6502.553503879813,0.0046304868131766255
SAT-10,10,6492.053727495431,0.004877961757454124
SAT-10,9,6478.100220585598,0.0052186681964771975
SAT-10,8,6464.897956918621,0.005108658243368368
SAT-10,7,6451.892972656884,0.005428907413452623
SAT-10,6,6437.533914379308,0.005854709433070805
SAT-10,5,6423.7378942642445,0.0061410361820861
SAT-10,4,6407.04878339936,0.006578021310288497
SAT-10,3,6397.407333755149,0.006718835467400272
SAT-10,2,6384.222294237825,0.007431261389939221
SAT-10,1,6363.264140405822,0.007467756431500667
